#私の好きな福井県2022春夏,日別投稿数
2022-04-11,4
2022-04-12,2
2022-04-13,1
2022-04-14,2
2022-04-15,2
2022-04-16,7
2022-04-17,9
2022-04-18,8
2022-04-19,17
2022-04-20,53
2022-04-21,67
2022-04-22,64
2022-04-23,81
2022-04-24,85
2022-04-25,66
2022-04-26,103
2022-04-27,49
2022-04-28,71
2022-04-29,103
2022-04-30,112
2022-05-01,97
2022-05-02,74
2022-05-03,107
2022-05-04,139
2022-05-05,126
2022-05-06,107
2022-05-07,99
2022-05-08,140
2022-05-09,82
2022-05-10,80
2022-05-11,65
2022-05-12,81
2022-05-13,58
2022-05-14,103
2022-05-15,70
2022-05-16,83
2022-05-17,104
2022-05-18,70
2022-05-19,71
2022-05-20,63
2022-05-21,81
2022-05-22,92
2022-05-23,90
2022-05-24,75
2022-05-25,76
2022-05-26,107
2022-05-27,92
2022-05-28,84
2022-05-29,90
2022-05-30,104
2022-05-31,68
2022-06-01,88
2022-06-02,85
2022-06-03,68
2022-06-04,78
2022-06-05,70
2022-06-06,77
2022-06-07,76
2022-06-08,67
2022-06-09,83
2022-06-10,62
2022-06-11,124
2022-06-12,92
2022-06-13,83
2022-06-14,77
2022-06-15,68
2022-06-16,70
2022-06-17,91
2022-06-18,123
2022-06-19,121
2022-06-20,99
2022-06-21,98
2022-06-22,83
2022-06-23,75
2022-06-24,81
2022-06-25,80
2022-06-26,85
2022-06-27,251
2022-06-28,87
2022-06-29,154
2022-06-30,108
2022-07-01,61
2022-07-02,133
2022-07-03,82
2022-07-04,73
2022-07-05,88
2022-07-06,100
2022-07-07,86
2022-07-08,61
2022-07-09,74
2022-07-10,97
2022-07-11,61
2022-07-12,81
2022-07-13,56
2022-07-14,76
2022-07-15,50
2022-07-16,73
2022-07-17,110
2022-07-18,95
2022-07-19,64
2022-07-20,73
2022-07-21,105
2022-07-22,55
2022-07-23,86
2022-07-24,111
2022-07-25,89
2022-07-26,76
2022-07-27,71
2022-07-28,88
2022-07-29,119
2022-07-30,105
2022-07-31,145
2022-08-01,116
2022-08-02,102
2022-08-03,78
2022-08-04,80
2022-08-05,70
2022-08-06,102
2022-08-07,141
2022-08-08,94
2022-08-09,81
2022-08-10,98
2022-08-11,104
2022-08-12,114
2022-08-13,155
2022-08-14,103
2022-08-15,111
2022-08-16,117
2022-08-17,88
2022-08-18,82
2022-08-19,78
2022-08-20,92
2022-08-21,88
2022-08-22,93
2022-08-23,78
2022-08-24,90
2022-08-25,70
2022-08-26,50
2022-08-27,64
2022-08-28,94
2022-08-29,123
2022-08-30,96
2022-08-31,89
2022-09-01,3